province,weight
江苏,0.5209833597534671
广东,0.4201658037929884
海南,0.05885083645354503
