province,weight
江苏,0.6842741033938091
广东,0.20352134845261638
海南,0.11220454815357427
